neurons,transfer_entropy,std
3,0.0028030861795387127,0.0031706996313592404
4,0.0022929946371316183,0.002131588960406238
5,0.001469724524335771,0.0015613000460062132
6,0.0011185561583135744,0.0011701610976091775
7,0.001080140719271929,0.0009169391658755998
8,0.0008924959485367194,0.0008029589712230806
9,0.0009585751513633296,0.0008012426177047896
